{
    "train_rmse": [
        1.4295425300129438
    ],
    "test_rmse": [
        1.4900909253709715
    ],
    "auc_train": [
        0.7153796222101529
    ],
    "auc_test": 0.6773105459999873
}