{
    "train_rmse": 1.4295425300129438,
    "test_rmse": 1.4900909253709715,
    "auc_train": 0.4270006034395104,
    "auc_test": 0.4357789149547656
}