{
    "train_rmse": [
        1.7135597333123593
    ],
    "test_rmse": [
        1.7998285822742126
    ],
    "auc_train": [
        0.697405859380388
    ],
    "auc_test": 0.6627018950850223
}