{
    "train_rmse": [
        1.7135597333123593
    ],
    "test_rmse": [
        1.7998285822742126
    ],
    "auc_train": [
        0.7058049296523765
    ],
    "auc_test": 0.6652532428386323
}