{
    "train_aucs": [],
    "train_rmse": [
        1.2613212487608823
    ],
    "test_rmse": [
        0.9376194862419323
    ],
    "auc_train": [
        0.4976317085180022
    ],
    "auc_test": 0.7498208274628262
}