{
    "train_rmse": [
        0.9176188971310125
    ],
    "test_rmse": [
        1.3702263004611936
    ],
    "auc_train": [
        0.7746092428168982
    ],
    "auc_test": 0.7353969123911496
}