{
    "train_rmse": [
        1.2264083664147933
    ],
    "test_rmse": [
        1.2641750914195484
    ],
    "auc_train": [
        0.719788463910579
    ],
    "auc_test": 0.6907456518183523
}