{
    "train_rmse": 1.2859436447022417,
    "test_rmse": 1.3294001015053194,
    "auc_train": 0.42615344551953066,
    "auc_test": 0.4336418924581201
}