{
    "train_rmse": [
        1.2859436447022417
    ],
    "test_rmse": [
        1.3294001015053194
    ],
    "auc_train": [
        0.7182347375691519
    ],
    "auc_test": 0.6857728952785648
}