{
    "train_rmse": 1.2935078990421198,
    "test_rmse": 0.9384616573092285,
    "auc_train": 0.49620020752143523,
    "auc_test": 0.747623678326198
}