{
    "train_rmse": 1.2784379187637944,
    "test_rmse": 0.9667665161562272,
    "auc_train": 0.49960152370986677,
    "auc_test": 0.41845101143913066
}