{
    "train_rmse": 1.350646700899348,
    "test_rmse": 0.9760955617575469,
    "auc_train": 0.5012425178489389,
    "auc_test": 0.7335153495901686
}