{
    "train_rmse": [
        0.9300723654080996
    ],
    "test_rmse": [
        1.440826390496749
    ],
    "auc_train": [
        0.7757255090937917
    ],
    "auc_test": 0.7309915355524125
}