{
    "train_rmse": 1.027822337976125,
    "test_rmse": 1.7428394409922499,
    "auc_train": 0.7855639660075051,
    "auc_test": 0.7093792491181035
}