{
    "train_rmse": 1.027822337976125,
    "test_rmse": 1.7428394409922499,
    "auc_train": 0.399238079271094,
    "auc_test": 0.4292074789994169
}