{
    "train_rmse": 1.027822337976125,
    "test_rmse": 1.7428394409922499,
    "auc_train": 0.7672621567215885,
    "auc_test": 0.6958528405364759
}