{
    "train_rmse": [
        1.027822337976125
    ],
    "test_rmse": [
        1.7428394409922499
    ],
    "auc_train": [
        0.7729000131481298
    ],
    "auc_test": 0.7018835902334392
}