{
    "train_rmse": [
        1.1979878554848442
    ],
    "test_rmse": [
        1.2308057635951055
    ],
    "auc_train": [
        0.7195609783096764
    ],
    "auc_test": 0.6909951802998148
}