{
    "train_rmse": 1.2060760860282007,
    "test_rmse": 2.0438399256569477,
    "auc_train": 0.7563729322790725,
    "auc_test": 0.6657772488018292
}