{
    "train_rmse": [
        1.2060760860282007
    ],
    "test_rmse": [
        2.0438399256569477
    ],
    "auc_train": [
        0.7603003763157254
    ],
    "auc_test": 0.6724766334032136
}