{
    "train_rmse": 0.9556367731043374,
    "test_rmse": 1.5506251853849438,
    "auc_train": 0.7689049577158663,
    "auc_test": 0.7144250973008607
}