{
    "train_rmse": [
        0.9556367731043374
    ],
    "test_rmse": [
        1.5506251853849438
    ],
    "auc_train": [
        0.7758061601512015
    ],
    "auc_test": 0.7212326617843678
}