{
    "train_rmse": 0.9556367731043374,
    "test_rmse": 1.5506251853849438,
    "auc_train": 0.3991973049318858,
    "auc_test": 0.42107740393678783
}